<?xml version="1.0" encoding="UTF-8"?>
<GenRun Id="synth_1" LaunchPart="xc7a100tcsg324-1" LaunchTime="1705174361">
  <File Type="PA-TCL" Name="BPSK_Modulation_tb.tcl"/>
  <File Type="RDS-PROPCONSTRS" Name="BPSK_Modulation_tb_drc_synth.rpt"/>
  <File Type="REPORTS-TCL" Name="BPSK_Modulation_tb_reports.tcl"/>
  <File Type="RDS-RDS" Name="BPSK_Modulation_tb.vds"/>
  <File Type="RDS-UTIL" Name="BPSK_Modulation_tb_utilization_synth.rpt"/>
  <File Type="RDS-UTIL-PB" Name="BPSK_Modulation_tb_utilization_synth.pb"/>
  <File Type="RDS-DCP" Name="BPSK_Modulation_tb.dcp"/>
  <File Type="VDS-TIMINGSUMMARY" Name="BPSK_Modulation_tb_timing_summary_synth.rpt"/>
  <File Type="VDS-TIMING-PB" Name="BPSK_Modulation_tb_timing_summary_synth.pb"/>
  <FileSet Name="sources" Type="DesignSrcs" RelSrcDir="$PSRCDIR/sources_1">
    <Filter Type="Srcs"/>
    <File Path="$PSRCDIR/sources_1/imports/sine_testbench/sine_package.vhd">
      <FileInfo>
        <Attr Name="ImportPath" Val="$PPRDIR/../../../../../Downloads/sine_testbench/sine_package.vhd"/>
        <Attr Name="ImportTime" Val="1702924219"/>
        <Attr Name="UsedIn" Val="synthesis"/>
        <Attr Name="UsedIn" Val="simulation"/>
      </FileInfo>
    </File>
    <File Path="$PSRCDIR/sources_1/new/BPSK_TopLevel.vhd">
      <FileInfo>
        <Attr Name="UsedIn" Val="synthesis"/>
        <Attr Name="UsedIn" Val="simulation"/>
      </FileInfo>
    </File>
    <File Path="$PSRCDIR/sources_1/new/BitSeperator.vhd">
      <FileInfo>
        <Attr Name="UsedIn" Val="synthesis"/>
        <Attr Name="UsedIn" Val="simulation"/>
      </FileInfo>
    </File>
    <File Path="$PSRCDIR/sources_1/imports/sine_testbench/sine_wave.vhd">
      <FileInfo>
        <Attr Name="ImportPath" Val="$PPRDIR/../../../../../Downloads/sine_testbench/sine_wave.vhd"/>
        <Attr Name="ImportTime" Val="1702924219"/>
        <Attr Name="UsedIn" Val="synthesis"/>
        <Attr Name="UsedIn" Val="simulation"/>
      </FileInfo>
    </File>
    <File Path="$PSRCDIR/sources_1/new/BPSK_Modulation_tb.vhd">
      <FileInfo>
        <Attr Name="UsedIn" Val="synthesis"/>
        <Attr Name="UsedIn" Val="simulation"/>
      </FileInfo>
    </File>
    <File Path="$PSRCDIR/sources_1/imports/sine_testbench/sine_wave_tb.vhd">
      <FileInfo>
        <Attr Name="AutoDisabled" Val="1"/>
        <Attr Name="ImportPath" Val="$PPRDIR/../../../../../Downloads/sine_testbench/sine_wave_tb.vhd"/>
        <Attr Name="ImportTime" Val="1702924219"/>
        <Attr Name="UsedIn" Val="synthesis"/>
        <Attr Name="UsedIn" Val="simulation"/>
      </FileInfo>
    </File>
    <File Path="$PSRCDIR/sources_1/imports/sine_testbench/sine_wave_cf.vhd">
      <FileInfo>
        <Attr Name="AutoDisabled" Val="1"/>
        <Attr Name="ImportPath" Val="$PPRDIR/../../../../../Downloads/sine_testbench/sine_wave_cf.vhd"/>
        <Attr Name="ImportTime" Val="1702924219"/>
        <Attr Name="UsedIn" Val="synthesis"/>
        <Attr Name="UsedIn" Val="simulation"/>
      </FileInfo>
    </File>
    <Config>
      <Option Name="DesignMode" Val="RTL"/>
      <Option Name="TopModule" Val="BPSK_Modulation_tb"/>
    </Config>
  </FileSet>
  <FileSet Name="constrs_in" Type="Constrs" RelSrcDir="$PSRCDIR/constrs_1">
    <Filter Type="Constrs"/>
    <Config>
      <Option Name="ConstrsType" Val="XDC"/>
    </Config>
  </FileSet>
  <FileSet Name="utils" Type="Utils" RelSrcDir="$PSRCDIR/utils_1">
    <Filter Type="Utils"/>
    <Config>
      <Option Name="TopAutoSet" Val="TRUE"/>
    </Config>
  </FileSet>
  <Strategy Version="1" Minor="2">
    <StratHandle Name="Vivado Synthesis Defaults" Flow="Vivado Synthesis 2019"/>
    <Step Id="synth_design"/>
  </Strategy>
</GenRun>
